,p-values class,p-values function
0,0.8181818181818182,1.0
1,0.6363636363636364,0.6363636363636364
2,1.0,0.8181818181818182
3,0.9090909090909091,0.9090909090909091
4,0.9090909090909091,0.7272727272727273
5,0.2727272727272727,0.2727272727272727
6,0.900990099009901,0.8712871287128713
7,0.9405940594059405,0.9306930693069307
8,0.5742574257425742,0.5445544554455446
9,0.900990099009901,0.9207920792079208
10,0.25742574257425743,0.2871287128712871
11,0.5247524752475248,0.504950495049505
